,parent,node,branch.length,label,vesicle.x,nt.x,region.x,vesicle.y,nt.y,region.y,vesicle,nt,region,label.order
1,335,1,42.3651283443189,STR_13-11,tele,gad,str,tele,gad,str,tele,gad,str,324
2,335,2,42.3651283443189,FC_6-6,tele,glut,ctx,tele,glut,ctx,tele,glut,ctx,323
3,354,3,20.2690971398054,STR_13-6,tele,glut,str,tele,glut,str,tele,glut,str,185
4,616,4,0.0650928326041698,STR_10-2,tele,gad,str,tele,gad,str,tele,gad,str,314
5,616,5,0.0650928326041698,STR_11-2,tele,gad,str,tele,gad,str,tele,gad,str,313
6,642,6,0.0465540640753368,STR_11-3,tele,gad,str,tele,gad,str,tele,gad,str,310
7,642,7,0.0465540640753368,STR_11-1,tele,gad,str,tele,gad,str,tele,gad,str,309
8,537,8,0.585929536879435,STR_10-5,tele,gad,str,tele,gad,str,tele,gad,str,315
9,641,9,0.0159263904123845,STR_10-1,tele,gad,str,tele,gad,str,tele,gad,str,312
10,641,10,0.0159263904123845,STR_10-4,tele,gad,str,tele,gad,str,tele,gad,str,311
11,418,11,0.994084655199632,STR_10-3,tele,gad,str,tele,gad,str,tele,gad,str,316
12,375,12,9.21908305350151,STR_13-8,tele,glut,str,tele,glut,str,tele,glut,str,274
13,601,13,0.170976963983714,STR_13-3,tele,gad,str,tele,gad,str,tele,gad,str,318
14,419,14,1.83451676489858,STR_13-5,tele,gad,str,tele,gad,str,tele,gad,str,321
15,586,15,0.365616692799269,STR_13-1,tele,gad,str,tele,gad,str,tele,gad,str,319
16,497,16,0.511949770634188,STR_13-4,tele,gad,str,tele,gad,str,tele,gad,str,320
17,442,17,0.122945528482791,HC_4-1,tele,glut,hipp,tele,glut,hipp,tele,glut,hipp,306
18,442,18,0.122945528482791,HC_4-2,tele,glut,hipp,tele,glut,hipp,tele,glut,hipp,305
19,601,19,0.170976963983714,STR_13-2,tele,gad,str,tele,gad,str,tele,gad,str,317
20,412,20,5.66220360270786,STR_13-7,tele,glut,str,tele,glut,str,tele,glut,str,262
21,645,21,0.0669504816238086,HC_5-1,tele,glut,hipp,tele,glut,hipp,tele,glut,hipp,299
22,620,22,0.171364100523151,HC_5-2,tele,glut,hipp,tele,glut,hipp,tele,glut,hipp,303
23,372,23,10.7811739789884,HC_3-4,tele,glut,hipp,tele,glut,hipp,tele,glut,hipp,275
24,426,24,4.35249593301737,HC_3-5,tele,glut,hipp,tele,glut,hipp,tele,glut,hipp,261
25,645,25,0.0669504816238086,HC_5-8,tele,glut,hipp,tele,glut,hipp,tele,glut,hipp,298
26,334,26,6.97874741056682,STR_13-10,tele,gad,str,tele,gad,str,tele,gad,str,322
27,606,27,0.206719301276176,HC_5-7,tele,glut,hipp,tele,glut,hipp,tele,glut,hipp,301
28,607,28,0.242738137214379,HC_5-4,tele,glut,hipp,tele,glut,hipp,tele,glut,hipp,304
29,625,29,0.100241927535045,HC_5-6,tele,glut,hipp,tele,glut,hipp,tele,glut,hipp,300
30,620,30,0.171364100523151,HC_5-3,tele,glut,hipp,tele,glut,hipp,tele,glut,hipp,302
31,635,31,0.0380382202435631,HC_6-1,tele,glut,hipp,tele,glut,hipp,tele,glut,hipp,296
32,518,32,0.362051065319038,HC_3-10,tele,glut,hipp,tele,glut,hipp,tele,glut,hipp,260
33,635,33,0.0380382202435631,HC_6-8,tele,glut,hipp,tele,glut,hipp,tele,glut,hipp,295
34,631,34,0.143359037583707,PC_2-7,tele,glut,ctx,tele,glut,ctx,tele,glut,ctx,205
35,598,35,0.237922668088099,PC_2-2,tele,glut,ctx,tele,glut,ctx,tele,glut,ctx,208
36,534,36,0.184075029029865,HC_3-7,tele,glut,hipp,tele,glut,hipp,tele,glut,hipp,257
37,540,37,0.383213193831834,FC_3-8,tele,glut,ctx,tele,glut,ctx,tele,glut,ctx,289
38,644,38,0.0654773418115675,FC_3-7,tele,glut,ctx,tele,glut,ctx,tele,glut,ctx,286
39,542,39,0.536913614118746,HC_2-4,tele,glut,hipp,tele,glut,hipp,tele,glut,hipp,228
40,631,40,0.143359037583707,FC_6-1,tele,glut,ctx,tele,glut,ctx,tele,glut,ctx,204
41,514,41,0.11447695000446,HC_2-7,tele,glut,hipp,tele,glut,hipp,tele,glut,hipp,223
42,628,42,0.112858872422601,PC_2-16,tele,glut,ctx,tele,glut,ctx,tele,glut,ctx,194
43,638,43,0.0534521922797609,FC_3-3,tele,glut,ctx,tele,glut,ctx,tele,glut,ctx,282
44,643,44,0.0392603416135353,FC_3-13,tele,glut,ctx,tele,glut,ctx,tele,glut,ctx,288
45,518,45,0.362051065319038,PC_1-5,tele,glut,ctx,tele,glut,ctx,tele,glut,ctx,259
46,525,46,0.159287204628975,HC_6-7,tele,glut,hipp,tele,glut,hipp,tele,glut,hipp,297
47,646,47,0.0254112600534461,PC_1-9,tele,glut,ctx,tele,glut,ctx,tele,glut,ctx,279
48,597,48,0.170377381192792,PC_2-17,tele,glut,ctx,tele,glut,ctx,tele,glut,ctx,198
49,647,49,0.0676367322280881,PC_1-4,tele,glut,ctx,tele,glut,ctx,tele,glut,ctx,277
50,563,50,0.408530804951213,FC_6-2,tele,glut,ctx,tele,glut,ctx,tele,glut,ctx,199
51,476,51,0.137906481933135,FC_5-1,tele,glut,ctx,tele,glut,ctx,tele,glut,ctx,203
52,630,52,0.0250622736018586,PC_2-4,tele,glut,ctx,tele,glut,ctx,tele,glut,ctx,207
53,646,53,0.0254112600534461,PC_1-8,tele,glut,ctx,tele,glut,ctx,tele,glut,ctx,278
54,640,54,0.0756648809266921,HC_2-6,tele,glut,hipp,tele,glut,hipp,tele,glut,hipp,222
55,597,55,0.170377381192792,FC_6-5,tele,glut,ctx,tele,glut,ctx,tele,glut,ctx,197
56,630,56,0.0250622736018586,PC_2-5,tele,glut,ctx,tele,glut,ctx,tele,glut,ctx,206
57,583,57,0.36330809121192,HC_2-2,tele,glut,hipp,tele,glut,hipp,tele,glut,hipp,227
58,643,58,0.0392603416135353,FC_3-12,tele,glut,ctx,tele,glut,ctx,tele,glut,ctx,287
59,513,59,0.974578422779056,FC_3-11,tele,glut,ctx,tele,glut,ctx,tele,glut,ctx,290
60,614,60,0.187711786698719,FC_6-4,tele,glut,ctx,tele,glut,ctx,tele,glut,ctx,195
61,534,61,0.184075029029865,HC_3-6,tele,glut,hipp,tele,glut,hipp,tele,glut,hipp,256
62,587,62,0.0906305284941772,PC_2-11,tele,glut,ctx,tele,glut,ctx,tele,glut,ctx,215
63,628,63,0.112858872422601,FC_6-3,tele,glut,ctx,tele,glut,ctx,tele,glut,ctx,193
64,541,64,0.324828218280126,PC_6-3,tele,glut,ctx,tele,glut,ctx,tele,glut,ctx,230
65,647,65,0.0676367322280881,PC_1-7,tele,glut,ctx,tele,glut,ctx,tele,glut,ctx,276
66,458,66,2.13363070108472,STR_13-9,tele,gad,str,tele,gad,str,tele,gad,str,167
67,410,67,4.30619031598768,SN_1-1,bs,glut,bs,bs,glut,bs,bs,glut,bs,307
68,640,68,0.0756648809266921,HC_2-5,tele,glut,hipp,tele,glut,hipp,tele,glut,hipp,221
69,644,69,0.0654773418115675,FC_3-9,tele,glut,ctx,tele,glut,ctx,tele,glut,ctx,285
70,567,70,0.124019073894843,PC_1-3,tele,glut,ctx,tele,glut,ctx,tele,glut,ctx,280
71,568,71,0.27662924534607,FC_3-2,tele,glut,ctx,tele,glut,ctx,tele,glut,ctx,284
72,571,72,0.364478181628885,HC_6-4,tele,glut,hipp,tele,glut,hipp,tele,glut,hipp,293
73,434,73,1.29452524558249,HC_5-5,tele,glut,hipp,tele,glut,hipp,tele,glut,hipp,76
74,587,74,0.0906305284941772,PC_2-10,tele,glut,ctx,tele,glut,ctx,tele,glut,ctx,214
75,638,75,0.0534521922797609,FC_3-4,tele,glut,ctx,tele,glut,ctx,tele,glut,ctx,281
76,583,76,0.36330809121192,HC_2-3,tele,glut,hipp,tele,glut,hipp,tele,glut,hipp,226
77,481,77,2.09456347969549,PC_2-8,tele,glut,ctx,tele,glut,ctx,tele,glut,ctx,71
78,455,78,0.585353809705512,PC_2-6,tele,glut,ctx,tele,glut,ctx,tele,glut,ctx,210
79,434,79,1.29452524558249,HC_6-2,tele,glut,hipp,tele,glut,hipp,tele,glut,hipp,75
80,562,80,0.28008768911181,PC_2-18,tele,glut,ctx,tele,glut,ctx,tele,glut,ctx,196
81,476,81,0.137906481933135,PC_2-15,tele,glut,ctx,tele,glut,ctx,tele,glut,ctx,202
82,581,82,0.30084884339969,PC_6-7,tele,glut,ctx,tele,glut,ctx,tele,glut,ctx,232
83,508,83,1.04206627821431,HC_2-1,tele,glut,hipp,tele,glut,hipp,tele,glut,hipp,235
84,602,84,0.290941100279596,HC_6-3,tele,glut,hipp,tele,glut,hipp,tele,glut,hipp,292
85,580,85,0.408187650774343,PC_2-1,tele,glut,ctx,tele,glut,ctx,tele,glut,ctx,209
86,591,86,0.0676512969976425,GP_3-5,dien,gad,gp,dien,gad,gp,dien,gad,gp,84
87,594,87,0.327914342387196,PC_6-6,tele,glut,ctx,tele,glut,ctx,tele,glut,ctx,219
88,424,88,5.23430182757301,FC_7-4,tele,glut,ctx,tele,glut,ctx,tele,glut,ctx,253
89,615,89,0.128163623706112,FC_3-1,tele,glut,ctx,tele,glut,ctx,tele,glut,ctx,283
90,530,90,0.642573694940597,HC_5-12,tele,glut,hipp,tele,glut,hipp,tele,glut,hipp,234
91,527,91,0.514893907889063,HC_5-14,tele,glut,hipp,tele,glut,hipp,tele,glut,hipp,247
92,612,92,0.259168792710971,PC_1-1,tele,glut,ctx,tele,glut,ctx,tele,glut,ctx,264
93,588,93,0.18334200802422,PC_2-9,tele,glut,ctx,tele,glut,ctx,tele,glut,ctx,213
94,535,94,0.381491248036753,FC_3-5,tele,glut,ctx,tele,glut,ctx,tele,glut,ctx,201
95,541,95,0.324828218280126,PC_2-3,tele,glut,ctx,tele,glut,ctx,tele,glut,ctx,229
96,602,96,0.290941100279596,HC_6-5,tele,glut,hipp,tele,glut,hipp,tele,glut,hipp,291
97,636,97,0.102891767153242,GP_3-2,dien,gad,gp,dien,gad,gp,dien,gad,gp,81
98,629,98,0.113604857894857,PC_2-13,tele,glut,ctx,tele,glut,ctx,tele,glut,ctx,212
99,507,99,0.84657845102769,HC_3-11,tele,glut,hipp,tele,glut,hipp,tele,glut,hipp,237
100,435,100,3.52562235536996,GP_3-4,dien,gad,gp,dien,gad,gp,dien,gad,gp,74
101,629,101,0.113604857894857,PC_2-14,tele,glut,ctx,tele,glut,ctx,tele,glut,ctx,211
102,519,102,1.00589641539455,HC_3-1,tele,glut,hipp,tele,glut,hipp,tele,glut,hipp,258
103,369,103,6.35824260614421,ENT_4-1,dien,glut,ent,dien,glut,ent,dien,glut,ent,308
104,354,104,20.2690971398054,FC_11-2,tele,glut,ctx,tele,glut,ctx,tele,glut,ctx,184
105,507,105,0.84657845102769,HC_5-9,tele,glut,hipp,tele,glut,hipp,tele,glut,hipp,236
106,603,106,0.0912834933996981,PC_7-1,tele,glut,ctx,tele,glut,ctx,tele,glut,ctx,271
107,560,107,0.170738333341986,FC_7-1,tele,glut,ctx,tele,glut,ctx,tele,glut,ctx,245
108,522,108,0.309628501614659,HC_3-8,tele,glut,hipp,tele,glut,hipp,tele,glut,hipp,265
109,591,109,0.0676512969976425,GP_3-6,dien,gad,gp,dien,gad,gp,dien,gad,gp,83
110,480,110,0.568249671758219,FC_3-6,tele,glut,ctx,tele,glut,ctx,tele,glut,ctx,73
111,592,111,0.144602215561869,GP_3-3,dien,gad,gp,dien,gad,gp,dien,gad,gp,82
112,634,112,0.10918930697432,PC_3-4,tele,glut,ctx,tele,glut,ctx,tele,glut,ctx,240
113,382,113,7.96512109331204,STR_14-2,tele,gad,str,tele,gad,str,tele,gad,str,139
114,572,114,0.575401774494051,PC_2-12,tele,glut,ctx,tele,glut,ctx,tele,glut,ctx,233
115,632,115,0.126605672832107,FC_7-2,tele,glut,ctx,tele,glut,ctx,tele,glut,ctx,244
116,535,116,0.381491248036753,FC_4-2,tele,glut,ctx,tele,glut,ctx,tele,glut,ctx,200
117,480,117,0.568249671758219,PC_1-6,tele,glut,ctx,tele,glut,ctx,tele,glut,ctx,72
118,581,118,0.30084884339969,HC_5-11,tele,glut,hipp,tele,glut,hipp,tele,glut,hipp,231
119,440,119,3.76714326228323,PC_6-2,tele,glut,ctx,tele,glut,ctx,tele,glut,ctx,225
120,523,120,0.400282312446514,PC_3-1,tele,glut,ctx,tele,glut,ctx,tele,glut,ctx,217
121,515,121,0.473041898567284,PC_6-1,tele,glut,ctx,tele,glut,ctx,tele,glut,ctx,220
122,561,122,0.20235770875402,PC_3-10,tele,glut,ctx,tele,glut,ctx,tele,glut,ctx,242
123,594,123,0.327914342387196,PC_6-5,tele,glut,ctx,tele,glut,ctx,tele,glut,ctx,218
124,632,124,0.126605672832107,FC_7-3,tele,glut,ctx,tele,glut,ctx,tele,glut,ctx,243
125,451,125,2.70326073330798,PC_6-4,tele,glut,ctx,tele,glut,ctx,tele,glut,ctx,224
126,636,126,0.102891767153242,GP_3-1,dien,gad,gp,dien,gad,gp,dien,gad,gp,80
127,634,127,0.10918930697432,PC_3-5,tele,glut,ctx,tele,glut,ctx,tele,glut,ctx,239
128,367,128,7.53426479332745,HC_14-1,tele,glut,hipp,tele,glut,hipp,tele,glut,hipp,179
129,397,129,5.90766660753065,CB_1-1,hind,glut,cbm,hind,glut,cbm,hind,glut,cbm,178
130,603,130,0.0912834933996981,FC_4-1,tele,glut,ctx,tele,glut,ctx,tele,glut,ctx,270
131,627,131,0.168666162217008,PC_3-3,tele,glut,ctx,tele,glut,ctx,tele,glut,ctx,241
132,612,132,0.259168792710971,FC_3-10,tele,glut,ctx,tele,glut,ctx,tele,glut,ctx,263
133,527,133,0.514893907889063,HC_5-15,tele,glut,hipp,tele,glut,hipp,tele,glut,hipp,246
134,432,134,0.522102985253049,GP_3-9,dien,gad,gp,dien,gad,gp,dien,gad,gp,85
135,526,135,0.669305131139902,HC_6-6,tele,glut,hipp,tele,glut,hipp,tele,glut,hipp,294
136,604,136,0.172336275696882,PC_7-3,tele,glut,ctx,tele,glut,ctx,tele,glut,ctx,269
137,619,137,0.142250163750681,FC_7-6,tele,glut,ctx,tele,glut,ctx,tele,glut,ctx,249
138,390,138,7.92623682176427,CB_4-3,hind,glut,cbm,hind,glut,cbm,hind,glut,cbm,174
139,385,139,5.71386845050769,PC_3-6,tele,glut,ctx,tele,glut,ctx,tele,glut,ctx,254
140,458,140,2.13363070108472,STR_15-1,tele,gad,str,tele,gad,str,tele,gad,str,166
141,350,141,16.575314595777,CB_2-1,hind,gad,cbm,hind,gad,cbm,hind,gad,cbm,192
142,411,142,2.90112236793004,PC_1-2,tele,glut,ctx,tele,glut,ctx,tele,glut,ctx,267
143,531,143,0.0983130086616471,HC_3-2,tele,glut,hipp,tele,glut,hipp,tele,glut,hipp,273
144,404,144,2.10627184690695,HC_5-10,tele,glut,hipp,tele,glut,hipp,tele,glut,hipp,238
145,433,145,0.629287306985016,GP_3-7,dien,gad,gp,dien,gad,gp,dien,gad,gp,87
146,397,146,5.90766660753065,CB_4-1,hind,glut,cbm,hind,glut,cbm,hind,glut,cbm,177
147,523,147,0.400282312446514,PC_3-2,tele,glut,ctx,tele,glut,ctx,tele,glut,ctx,216
148,618,148,0.127895715732877,PC_3-8,tele,glut,ctx,tele,glut,ctx,tele,glut,ctx,251
149,604,149,0.172336275696882,PC_7-2,tele,glut,ctx,tele,glut,ctx,tele,glut,ctx,268
150,619,150,0.142250163750681,FC_7-7,tele,glut,ctx,tele,glut,ctx,tele,glut,ctx,248
151,430,151,4.50860441500386,HC_5-13,tele,glut,hipp,tele,glut,hipp,tele,glut,hipp,252
152,618,152,0.127895715732877,PC_3-9,tele,glut,ctx,tele,glut,ctx,tele,glut,ctx,250
153,481,153,2.09456347969549,FC_7-5,tele,glut,ctx,tele,glut,ctx,tele,glut,ctx,70
154,348,154,5.60991268273528,GP_3-10,dien,gad,gp,dien,gad,gp,dien,gad,gp,88
155,471,155,1.33726219402446,HC_3-9,tele,glut,hipp,tele,glut,hipp,tele,glut,hipp,266
156,531,156,0.0983130086616471,HC_3-3,tele,glut,hipp,tele,glut,hipp,tele,glut,hipp,272
157,360,157,9.83864365946335,PC_3-7,tele,glut,ctx,tele,glut,ctx,tele,glut,ctx,255
158,548,158,0.30368523123754,HC_1-12,tele,gad,hipp,tele,gad,hipp,tele,gad,hipp,133
159,408,159,1.77235159122118,GP_2-12,dien,glut,gp,dien,glut,gp,dien,glut,gp,78
160,433,160,0.629287306985016,GP_3-8,dien,gad,gp,dien,gad,gp,dien,gad,gp,86
161,509,161,0.356899058542058,HC_1-18,tele,gad,hipp,tele,gad,hipp,tele,gad,hipp,124
162,500,162,0.360550396727844,HC_1-21,tele,gad,hipp,tele,gad,hipp,tele,gad,hipp,104
163,511,163,0.160201692496749,STR_14-1,tele,gad,str,tele,gad,str,tele,gad,str,171
164,548,164,0.30368523123754,HC_1-11,tele,gad,hipp,tele,gad,hipp,tele,gad,hipp,132
165,611,165,0.0861305937893785,FC_1-6,tele,gad,ctx,tele,gad,ctx,tele,gad,ctx,118
166,500,166,0.360550396727844,HC_1-20,tele,gad,hipp,tele,gad,hipp,tele,gad,hipp,103
167,429,167,3.02705870399458,PC_4-6,tele,gad,ctx,tele,gad,ctx,tele,gad,ctx,127
168,466,168,1.46166023424096,HC_1-16,tele,gad,hipp,tele,gad,hipp,tele,gad,hipp,126
169,509,169,0.356899058542058,HC_1-17,tele,gad,hipp,tele,gad,hipp,tele,gad,hipp,123
170,611,170,0.0861305937893785,PC_4-9,tele,gad,ctx,tele,gad,ctx,tele,gad,ctx,117
171,511,171,0.160201692496749,STR_14-3,tele,gad,str,tele,gad,str,tele,gad,str,170
172,589,172,0.15009099325191,HC_1-15,tele,gad,hipp,tele,gad,hipp,tele,gad,hipp,136
173,609,173,0.0659175320827644,PC_4-2,tele,gad,ctx,tele,gad,ctx,tele,gad,ctx,129
174,610,174,0.0701818070564096,PC_4-8,tele,gad,ctx,tele,gad,ctx,tele,gad,ctx,120
175,589,175,0.15009099325191,HC_1-14,tele,gad,hipp,tele,gad,hipp,tele,gad,hipp,135
176,478,176,0.373917272415029,TH_1-3,dien,glut,thal,dien,glut,thal,dien,glut,thal,181
177,466,177,1.46166023424096,FC_1-3,tele,gad,ctx,tele,gad,ctx,tele,gad,ctx,125
178,608,178,0.0344592465441063,PC_4-1,tele,gad,ctx,tele,gad,ctx,tele,gad,ctx,131
179,478,179,0.373917272415029,TH_1-2,dien,glut,thal,dien,glut,thal,dien,glut,thal,180
180,609,180,0.0659175320827644,FC_1-1,tele,gad,ctx,tele,gad,ctx,tele,gad,ctx,128
181,608,181,0.0344592465441063,FC_1-2,tele,gad,ctx,tele,gad,ctx,tele,gad,ctx,130
182,416,182,1.66767222778299,STR_14-4,tele,gad,str,tele,gad,str,tele,gad,str,172
183,383,183,0.542394127942748,SN_3-2,bs,gad,bs,bs,gad,bs,bs,gad,bs,176
184,492,184,0.19003983777931,PC_4-3,tele,gad,ctx,tele,gad,ctx,tele,gad,ctx,113
185,564,185,0.210876329829837,HC_1-23,tele,gad,hipp,tele,gad,hipp,tele,gad,hipp,107
186,445,186,2.85924124566899,GP_2-1,dien,gad,gp,dien,gad,gp,dien,gad,gp,39
187,610,187,0.0701818070564096,FC_1-5,tele,gad,ctx,tele,gad,ctx,tele,gad,ctx,119
188,457,188,1.5885170248846,FC_2-1,tele,gad,ctx,tele,gad,ctx,tele,gad,ctx,169
189,550,189,0.134325531550768,PC_4-7,tele,gad,ctx,tele,gad,ctx,tele,gad,ctx,122
190,351,190,23.773410748501,ENT_4-11,dien,gad,ent,dien,gad,ent,dien,gad,ent,186
191,358,191,8.28006446727569,TH_1-4,dien,glut,thal,dien,glut,thal,dien,glut,thal,183
192,550,192,0.134325531550768,FC_1-4,tele,gad,ctx,tele,gad,ctx,tele,gad,ctx,121
193,488,193,0.959707695921817,FC_1-7,tele,gad,ctx,tele,gad,ctx,tele,gad,ctx,116
194,450,194,2.77306161570832,HC_1-19,tele,gad,hipp,tele,gad,hipp,tele,gad,hipp,105
195,380,195,1.77706362166202,STR_12-1,tele,gad,str,tele,gad,str,tele,gad,str,49
196,390,196,7.92623682176427,SN_3-5,bs,gad,bs,bs,gad,bs,bs,gad,bs,173
197,492,197,0.19003983777931,FC_1-9,tele,gad,ctx,tele,gad,ctx,tele,gad,ctx,112
198,465,198,1.50597355059134,HC_1-8,tele,gad,hipp,tele,gad,hipp,tele,gad,hipp,145
199,422,199,1.49849148720086,HC_1-2,tele,gad,hipp,tele,gad,hipp,tele,gad,hipp,138
200,493,200,0.285785377620007,PC_4-5,tele,gad,ctx,tele,gad,ctx,tele,gad,ctx,111
201,423,201,3.00635621223606,FC_1-8,tele,gad,ctx,tele,gad,ctx,tele,gad,ctx,134
202,493,202,0.285785377620007,FC_1-11,tele,gad,ctx,tele,gad,ctx,tele,gad,ctx,110
203,501,203,0.421907933511088,HC_1-26,tele,gad,hipp,tele,gad,hipp,tele,gad,hipp,102
204,564,204,0.210876329829837,HC_1-24,tele,gad,hipp,tele,gad,hipp,tele,gad,hipp,106
205,391,205,2.57516164050285,TH_1-1,dien,glut,thal,dien,glut,thal,dien,glut,thal,182
206,479,206,0.714252353255395,HC_1-22,tele,gad,hipp,tele,gad,hipp,tele,gad,hipp,108
207,383,207,0.542394127942748,TH_3-5,dien,gad,thal,dien,gad,thal,dien,gad,thal,175
208,501,208,0.421907933511088,HC_1-27,tele,gad,hipp,tele,gad,hipp,tele,gad,hipp,101
209,408,209,1.77235159122118,GP_2-11,dien,glut,gp,dien,glut,gp,dien,glut,gp,77
210,570,210,0.36650163358746,FC_2-3,tele,gad,ctx,tele,gad,ctx,tele,gad,ctx,159
211,484,211,0.315617991019808,CB_3-2,hind,gad,cbm,hind,gad,cbm,hind,gad,cbm,188
212,400,212,6.2007041565004,PC_5-4,tele,gad,ctx,tele,gad,ctx,tele,gad,ctx,155
213,569,213,0.284806228853623,FC_2-5,tele,gad,ctx,tele,gad,ctx,tele,gad,ctx,161
214,521,214,0.504533403460166,HC_1-13,tele,gad,hipp,tele,gad,hipp,tele,gad,hipp,137
215,431,215,2.342381685455,CB_3-3,hind,gad,cbm,hind,gad,cbm,hind,gad,cbm,189
216,473,216,0.82921164987331,SN_3-9,bs,glut,bs,bs,glut,bs,bs,glut,bs,38
217,387,217,7.01515851859345,PC_5-1,tele,gad,ctx,tele,gad,ctx,tele,gad,ctx,156
218,363,218,9.9153541734744,GP_2-22,dien,gad,gp,dien,gad,gp,dien,gad,gp,140
219,556,219,0.0941688411633333,FC_2-4,tele,gad,ctx,tele,gad,ctx,tele,gad,ctx,163
220,449,220,2.51515559692913,HC_1-25,tele,gad,hipp,tele,gad,hipp,tele,gad,hipp,109
221,533,221,0.588008260615757,HC_1-10,tele,gad,hipp,tele,gad,hipp,tele,gad,hipp,143
222,496,222,1.07439478242879,TH_3-7,dien,both,thal,dien,both,thal,dien,both,thal,6
223,545,223,0.20019585233062,FC_1-10,tele,gad,ctx,tele,gad,ctx,tele,gad,ctx,115
224,483,224,1.88328759806303,SN_2-1,bs,glut,bs,bs,glut,bs,bs,glut,bs,95
225,545,225,0.20019585233062,PC_4-4,tele,gad,ctx,tele,gad,ctx,tele,gad,ctx,114
226,464,226,0.629595311904961,HC_1-1,tele,gad,hipp,tele,gad,hipp,tele,gad,hipp,147
227,556,227,0.0941688411633333,PC_5-5,tele,gad,ctx,tele,gad,ctx,tele,gad,ctx,162
228,362,228,6.37697444870113,CB_4-2,hind,gad,cbm,hind,gad,cbm,hind,gad,cbm,191
229,409,229,4.96153950048365,CB_3-4,hind,gad,cbm,hind,gad,cbm,hind,gad,cbm,190
230,574,230,0.424023132060614,FC_2-10,tele,gad,ctx,tele,gad,ctx,tele,gad,ctx,149
231,569,231,0.284806228853623,HC_1-9,tele,gad,hipp,tele,gad,hipp,tele,gad,hipp,160
232,595,232,0.135403218170378,GP_2-4,dien,gad,gp,dien,gad,gp,dien,gad,gp,35
233,457,233,1.5885170248846,GP_2-5,dien,gad,gp,dien,gad,gp,dien,gad,gp,168
234,464,234,0.629595311904961,FC_2-6,tele,gad,ctx,tele,gad,ctx,tele,gad,ctx,146
235,425,235,2.26692010235542,PC_5-7,tele,gad,ctx,tele,gad,ctx,tele,gad,ctx,164
236,355,236,19.3761846795576,ENT_4-10,dien,gad,ent,dien,gad,ent,dien,gad,ent,69
237,338,237,3.41748652992354,TH_2-9,dien,glut,thal,dien,glut,thal,dien,glut,thal,100
238,600,238,0.120939961254392,FC_2-2,tele,gad,ctx,tele,gad,ctx,tele,gad,ctx,158
239,633,239,0.0726246719246908,TH_2-3,dien,glut,thal,dien,glut,thal,dien,glut,thal,90
240,593,240,0.169115720000428,TH_2-1,dien,glut,thal,dien,glut,thal,dien,glut,thal,91
241,578,241,0.294497160588639,HC_1-4,tele,gad,hipp,tele,gad,hipp,tele,gad,hipp,142
242,502,242,0.223238352727459,TH_3-2,dien,gad,thal,dien,gad,thal,dien,gad,thal,27
243,600,243,0.120939961254392,PC_5-6,tele,gad,ctx,tele,gad,ctx,tele,gad,ctx,157
244,574,244,0.424023132060614,HC_1-6,tele,gad,hipp,tele,gad,hipp,tele,gad,hipp,148
245,473,245,0.82921164987331,SN_3-11,bs,glut,bs,bs,glut,bs,bs,glut,bs,37
246,623,246,0.127977447576587,TH_2-10,dien,glut,thal,dien,glut,thal,dien,glut,thal,97
247,484,247,0.315617991019808,CB_3-1,hind,gad,cbm,hind,gad,cbm,hind,gad,cbm,187
248,386,248,5.67662752517846,HC_1-3,tele,gad,hipp,tele,gad,hipp,tele,gad,hipp,165
249,622,249,0.110977686420964,TH_2-11,dien,glut,thal,dien,glut,thal,dien,glut,thal,99
250,624,250,0.0945966946153805,FC_2-7,tele,gad,ctx,tele,gad,ctx,tele,gad,ctx,153
251,357,251,3.82956618954956,SN_4-2,bs,th,bs,bs,th,bs,bs,th,bs,66
252,502,252,0.223238352727459,ENT_4-2,dien,gad,ent,dien,gad,ent,dien,gad,ent,26
253,414,253,3.58645552077189,SN_3-4,bs,gad,bs,bs,gad,bs,bs,gad,bs,23
254,573,254,0.168036883891443,FC_2-9,tele,gad,ctx,tele,gad,ctx,tele,gad,ctx,151
255,467,255,0.471320884887111,TH_3-4,dien,glut,thal,dien,glut,thal,dien,glut,thal,15
256,575,256,0.473807136160636,TH_2-4,dien,glut,thal,dien,glut,thal,dien,glut,thal,92
257,573,257,0.168036883891443,PC_5-3,tele,gad,ctx,tele,gad,ctx,tele,gad,ctx,150
258,595,258,0.135403218170378,GP_2-3,dien,gad,gp,dien,gad,gp,dien,gad,gp,34
259,355,259,19.3761846795576,ENT_4-12,dien,gad,ent,dien,gad,ent,dien,gad,ent,68
260,414,260,3.58645552077189,ENT_4-5,dien,gad,ent,dien,gad,ent,dien,gad,ent,22
261,504,261,0.456682180277925,GP_2-2,dien,glut,gp,dien,glut,gp,dien,glut,gp,36
262,633,262,0.0726246719246908,TH_2-2,dien,glut,thal,dien,glut,thal,dien,glut,thal,89
263,622,263,0.110977686420964,TH_2-8,dien,glut,thal,dien,glut,thal,dien,glut,thal,98
264,517,264,0.628412925994571,TH_2-7,dien,glut,thal,dien,glut,thal,dien,glut,thal,93
265,578,265,0.294497160588639,HC_1-5,tele,gad,hipp,tele,gad,hipp,tele,gad,hipp,141
266,623,266,0.127977447576587,TH_2-6,dien,glut,thal,dien,glut,thal,dien,glut,thal,96
267,356,267,21.1440836769133,SN_4-6,bs,th,bs,bs,th,bs,bs,th,bs,67
268,520,268,1.01148629761535,HC_1-7,tele,gad,hipp,tele,gad,hipp,tele,gad,hipp,144
269,543,269,0.225673963071171,FC_2-8,tele,gad,ctx,tele,gad,ctx,tele,gad,ctx,154
270,624,270,0.0945966946153805,PC_5-2,tele,gad,ctx,tele,gad,ctx,tele,gad,ctx,152
271,566,271,0.547322077196391,GP_2-19,dien,gad,gp,dien,gad,gp,dien,gad,gp,9
272,546,272,0.278570919880548,SN_4-3,bs,th,bs,bs,th,bs,bs,th,bs,64
273,447,273,3.50498720215637,SN_3-8,bs,gad,bs,bs,gad,bs,bs,gad,bs,16
274,558,274,0.203150287313003,ENT_4-4,dien,gad,ent,dien,gad,ent,dien,gad,ent,3
275,546,275,0.278570919880548,SN_4-1,bs,glut,bs,bs,glut,bs,bs,glut,bs,63
276,559,276,0.241733997780081,SN_3-7,bs,both,bs,bs,both,bs,bs,both,bs,5
277,491,277,0.875609283490631,TH_3-9,dien,glut,thal,dien,glut,thal,dien,glut,thal,20
278,555,278,0.502632988982381,TH_3-6,dien,gad,thal,dien,gad,thal,dien,gad,thal,19
279,452,279,0.495144295412846,GP_2-25,dien,gad,gp,dien,gad,gp,dien,gad,gp,45
280,505,280,0.92842341888097,GP_2-21,dien,gad,gp,dien,gad,gp,dien,gad,gp,33
281,506,281,0.663594829101739,GP_1-2,dien,gad,gp,dien,gad,gp,dien,gad,gp,48
282,394,282,6.59531923772059,GP_2-10,dien,gad,gp,dien,gad,gp,dien,gad,gp,79
283,448,283,2.28828684192379,SN_4-4,bs,th,bs,bs,th,bs,bs,th,bs,65
284,565,284,0.445181678734388,SN_3-1,bs,gad,bs,bs,gad,bs,bs,gad,bs,12
285,421,285,4.17479696166906,GP_2-23,dien,gad,gp,dien,gad,gp,dien,gad,gp,46
286,559,286,0.241733997780081,SN_3-6,bs,glut,bs,bs,glut,bs,bs,glut,bs,4
287,626,287,0.17737670371643,SN_3-10,bs,glut,bs,bs,glut,bs,bs,glut,bs,2
288,506,288,0.663594829101739,GP_1-1,dien,gad,gp,dien,gad,gp,dien,gad,gp,47
289,494,289,1.5533955744136,TH_2-5,dien,glut,thal,dien,glut,thal,dien,glut,thal,94
290,605,290,0.259215021944934,GP_2-9,dien,glut,gp,dien,glut,gp,dien,glut,gp,29
291,576,291,0.260078727162013,GP_2-6,dien,gad,gp,dien,gad,gp,dien,gad,gp,32
292,452,292,0.495144295412846,GP_2-24,dien,gad,gp,dien,gad,gp,dien,gad,gp,44
293,626,293,0.17737670371643,SN_3-3,bs,gad,bs,bs,gad,bs,bs,gad,bs,1
294,637,294,0.100313041673161,SN_4-8,bs,th,bs,bs,th,bs,bs,th,bs,60
295,503,295,0.716240076213805,GP_2-20,dien,gad,gp,dien,gad,gp,dien,gad,gp,25
296,590,296,0.222110593713676,TH_3-10,dien,glut,thal,dien,glut,thal,dien,glut,thal,18
297,637,297,0.100313041673161,SN_4-9,bs,th,bs,bs,th,bs,bs,th,bs,59
298,590,298,0.222110593713676,TH_3-8,dien,gad,thal,dien,gad,thal,dien,gad,thal,17
299,467,299,0.471320884887111,ENT_4-6,dien,glut,ent,dien,glut,ent,dien,glut,ent,14
300,596,300,0.293318873545548,SN_3-14,bs,gad,bs,bs,gad,bs,bs,gad,bs,11
301,613,301,0.139259209762912,SN_4-5,bs,th,bs,bs,th,bs,bs,th,bs,61
302,596,302,0.293318873545548,SN_3-12,bs,glut,bs,bs,glut,bs,bs,glut,bs,10
303,547,303,0.283895726435053,SN_4-7,bs,th,bs,bs,th,bs,bs,th,bs,62
304,582,304,0.130905664072095,TH_3-3,dien,gad,thal,dien,gad,thal,dien,gad,thal,8
305,468,305,2.94741488731916,ENT_4-3,dien,gad,ent,dien,gad,ent,dien,gad,ent,13
306,605,306,0.259215021944934,GP_2-8,dien,glut,gp,dien,glut,gp,dien,glut,gp,28
307,582,307,0.130905664072095,ENT_4-7,dien,gad,ent,dien,gad,ent,dien,gad,ent,7
308,577,308,0.351421739051204,GP_2-7,dien,both,gp,dien,both,gp,dien,both,gp,30
309,553,309,0.274014489154672,GP_2-13,dien,gad,gp,dien,gad,gp,dien,gad,gp,43
310,538,310,0.518412533773339,SN_3-15,bs,glut,bs,bs,glut,bs,bs,glut,bs,52
311,486,311,1.55994898629046,ENT_4-8,dien,gad,ent,dien,gad,ent,dien,gad,ent,55
312,554,312,0.39759237481961,GP_2-18,dien,gad,gp,dien,gad,gp,dien,gad,gp,41
313,446,313,2.01289177261247,TH_3-11,dien,gad,thal,dien,gad,thal,dien,gad,thal,21
314,585,314,0.122336018451532,SN_3-13,bs,gad,bs,bs,gad,bs,bs,gad,bs,51
315,553,315,0.274014489154672,GP_2-17,dien,gad,gp,dien,gad,gp,dien,gad,gp,42
316,576,316,0.260078727162013,GP_2-15,dien,gad,gp,dien,gad,gp,dien,gad,gp,31
317,472,317,2.2867350890366,SN_3-19,bs,gad,bs,bs,gad,bs,bs,gad,bs,56
318,585,318,0.122336018451532,SN_3-18,bs,gad,bs,bs,gad,bs,bs,gad,bs,50
319,554,319,0.39759237481961,GP_2-16,dien,gad,gp,dien,gad,gp,dien,gad,gp,40
320,503,320,0.716240076213805,TH_3-1,dien,gad,thal,dien,gad,thal,dien,gad,thal,24
321,365,321,3.70731698800424,ENT_4-9,dien,gad,ent,dien,gad,ent,dien,gad,ent,58
322,539,322,0.810529875330226,SN_3-16,bs,gad,bs,bs,gad,bs,bs,gad,bs,54
323,539,323,0.810529875330226,GP_2-14,dien,gad,gp,dien,gad,gp,dien,gad,gp,53
324,454,324,2.89575202240905,SN_3-17,bs,gad,bs,bs,gad,bs,bs,gad,bs,57
325,325,325,NA,NA,NA,NA,NA,NA,NA,NA,NA,NA,NA,NA
326,325,326,82.3694651018828,NA,NA,NA,NA,NA,NA,NA,NA,NA,NA,NA
327,325,327,70.3874212647341,NA,NA,NA,NA,NA,NA,NA,NA,NA,NA,NA
328,327,328,42.6872152477787,NA,NA,NA,NA,NA,NA,NA,NA,NA,NA,NA
329,327,329,32.2578408085667,NA,NA,NA,NA,NA,NA,NA,NA,NA,NA,NA
330,326,330,43.0488729547996,NA,NA,NA,NA,NA,NA,NA,NA,NA,NA,NA
331,326,331,21.4625651261085,NA,NA,NA,NA,NA,NA,NA,NA,NA,NA,NA
332,329,332,20.1087356291535,NA,NA,NA,NA,NA,NA,NA,NA,NA,NA,NA
333,329,333,15.6566364453743,NA,NA,NA,NA,NA,NA,NA,NA,NA,NA,NA
334,331,334,46.350922790105,NA,NA,NA,NA,NA,NA,NA,NA,NA,NA,NA
335,331,335,10.9645418563529,NA,NA,NA,NA,NA,NA,NA,NA,NA,NA,NA
336,328,336,19.253951868011,NA,NA,NA,NA,NA,NA,NA,NA,NA,NA,NA
337,328,337,14.9128638634185,NA,NA,NA,NA,NA,NA,NA,NA,NA,NA,NA
338,333,338,35.4423153800644,NA,NA,NA,NA,NA,NA,NA,NA,NA,NA,NA
339,333,339,13.7026995629306,NA,NA,NA,NA,NA,NA,NA,NA,NA,NA,NA
340,332,340,20.2452946050118,NA,NA,NA,NA,NA,NA,NA,NA,NA,NA,NA
341,332,341,12.5466216355465,NA,NA,NA,NA,NA,NA,NA,NA,NA,NA,NA
342,330,342,18.0982989733549,NA,NA,NA,NA,NA,NA,NA,NA,NA,NA,NA
343,330,343,2.17103679462452,NA,NA,NA,NA,NA,NA,NA,NA,NA,NA,NA
344,343,344,18.098084534445,NA,NA,NA,NA,NA,NA,NA,NA,NA,NA,NA
345,343,345,11.5342017006171,NA,NA,NA,NA,NA,NA,NA,NA,NA,NA,NA
346,337,346,19.5064239679044,NA,NA,NA,NA,NA,NA,NA,NA,NA,NA,NA
347,337,347,12.9257182488761,NA,NA,NA,NA,NA,NA,NA,NA,NA,NA,NA
348,339,348,19.5471896643221,NA,NA,NA,NA,NA,NA,NA,NA,NA,NA,NA
349,339,349,17.5326939551083,NA,NA,NA,NA,NA,NA,NA,NA,NA,NA,NA
350,336,350,8.25779745236229,NA,NA,NA,NA,NA,NA,NA,NA,NA,NA,NA
351,336,351,1.0597012996383,NA,NA,NA,NA,NA,NA,NA,NA,NA,NA,NA
352,351,352,1.28154874316356,NA,NA,NA,NA,NA,NA,NA,NA,NA,NA,NA
353,352,353,3.69508750783999,NA,NA,NA,NA,NA,NA,NA,NA,NA,NA,NA
354,352,354,2.22276486553198,NA,NA,NA,NA,NA,NA,NA,NA,NA,NA,NA
355,341,355,2.48489641110461,NA,NA,NA,NA,NA,NA,NA,NA,NA,NA,NA
356,341,356,0.716997413748974,NA,NA,NA,NA,NA,NA,NA,NA,NA,NA,NA
357,356,357,17.3145174873637,NA,NA,NA,NA,NA,NA,NA,NA,NA,NA,NA
358,353,358,10.5167100302218,NA,NA,NA,NA,NA,NA,NA,NA,NA,NA,NA
359,353,359,4.70219783912353,NA,NA,NA,NA,NA,NA,NA,NA,NA,NA,NA
360,345,360,8.19948021727581,NA,NA,NA,NA,NA,NA,NA,NA,NA,NA,NA
361,345,361,7.11006148462688,NA,NA,NA,NA,NA,NA,NA,NA,NA,NA,NA
362,350,362,10.1983401470759,NA,NA,NA,NA,NA,NA,NA,NA,NA,NA,NA
363,347,363,6.33312763038126,NA,NA,NA,NA,NA,NA,NA,NA,NA,NA,NA
364,347,364,5.61893535420175,NA,NA,NA,NA,NA,NA,NA,NA,NA,NA,NA
365,340,365,10.4550911331928,NA,NA,NA,NA,NA,NA,NA,NA,NA,NA,NA
366,340,366,3.44772126591492,NA,NA,NA,NA,NA,NA,NA,NA,NA,NA,NA
367,359,367,6.56031186504645,NA,NA,NA,NA,NA,NA,NA,NA,NA,NA,NA
368,359,368,4.19398595127745,NA,NA,NA,NA,NA,NA,NA,NA,NA,NA,NA
369,342,369,7.28682079248158,NA,NA,NA,NA,NA,NA,NA,NA,NA,NA,NA
370,342,370,6.87700881530999,NA,NA,NA,NA,NA,NA,NA,NA,NA,NA,NA
371,344,371,9.82313212147112,NA,NA,NA,NA,NA,NA,NA,NA,NA,NA,NA
372,344,372,0.693067063922749,NA,NA,NA,NA,NA,NA,NA,NA,NA,NA,NA
373,361,373,6.489837891542,NA,NA,NA,NA,NA,NA,NA,NA,NA,NA,NA
374,361,374,4.17239441423166,NA,NA,NA,NA,NA,NA,NA,NA,NA,NA,NA
375,372,375,1.56209092548691,NA,NA,NA,NA,NA,NA,NA,NA,NA,NA,NA
376,366,376,4.00071299862505,NA,NA,NA,NA,NA,NA,NA,NA,NA,NA,NA
377,366,377,0.70224638825486,NA,NA,NA,NA,NA,NA,NA,NA,NA,NA,NA
378,364,378,5.36334946206305,NA,NA,NA,NA,NA,NA,NA,NA,NA,NA,NA
379,364,379,3.06211911839591,NA,NA,NA,NA,NA,NA,NA,NA,NA,NA,NA
380,377,380,8.23537684536519,NA,NA,NA,NA,NA,NA,NA,NA,NA,NA,NA
381,377,381,4.24776479509191,NA,NA,NA,NA,NA,NA,NA,NA,NA,NA,NA
382,363,382,1.95023308016236,NA,NA,NA,NA,NA,NA,NA,NA,NA,NA,NA
383,368,383,9.35819657915371,NA,NA,NA,NA,NA,NA,NA,NA,NA,NA,NA
384,368,384,1.34047576798685,NA,NA,NA,NA,NA,NA,NA,NA,NA,NA,NA
385,360,385,4.12477520895567,NA,NA,NA,NA,NA,NA,NA,NA,NA,NA,NA
386,346,386,3.99114855964894,NA,NA,NA,NA,NA,NA,NA,NA,NA,NA,NA
387,346,387,2.65261756623394,NA,NA,NA,NA,NA,NA,NA,NA,NA,NA,NA
388,375,388,2.1294183397076,NA,NA,NA,NA,NA,NA,NA,NA,NA,NA,NA
389,384,389,2.38530963490246,NA,NA,NA,NA,NA,NA,NA,NA,NA,NA,NA
390,384,390,0.633878117345335,NA,NA,NA,NA,NA,NA,NA,NA,NA,NA,NA
391,358,391,5.70490282677284,NA,NA,NA,NA,NA,NA,NA,NA,NA,NA,NA
392,382,392,2.22539518799651,NA,NA,NA,NA,NA,NA,NA,NA,NA,NA,NA
393,349,393,3.03948611861863,NA,NA,NA,NA,NA,NA,NA,NA,NA,NA,NA
394,349,394,1.02908915422846,NA,NA,NA,NA,NA,NA,NA,NA,NA,NA,NA
395,379,395,5.36967111951044,NA,NA,NA,NA,NA,NA,NA,NA,NA,NA,NA
396,379,396,3.76079186227823,NA,NA,NA,NA,NA,NA,NA,NA,NA,NA,NA
397,367,397,1.6265981857968,NA,NA,NA,NA,NA,NA,NA,NA,NA,NA,NA
398,388,398,6.05452462964011,NA,NA,NA,NA,NA,NA,NA,NA,NA,NA,NA
399,388,399,0.748853341517736,NA,NA,NA,NA,NA,NA,NA,NA,NA,NA,NA
400,387,400,0.814454362093048,NA,NA,NA,NA,NA,NA,NA,NA,NA,NA,NA
401,334,401,1.05365091343562,NA,NA,NA,NA,NA,NA,NA,NA,NA,NA,NA
402,370,402,6.42131333157026,NA,NA,NA,NA,NA,NA,NA,NA,NA,NA,NA
403,370,403,5.57909066600155,NA,NA,NA,NA,NA,NA,NA,NA,NA,NA,NA
404,374,404,4.64939613097367,NA,NA,NA,NA,NA,NA,NA,NA,NA,NA,NA
405,374,405,2.31806217034521,NA,NA,NA,NA,NA,NA,NA,NA,NA,NA,NA
406,376,406,4.89814241320204,NA,NA,NA,NA,NA,NA,NA,NA,NA,NA,NA
407,376,407,0.520124615087268,NA,NA,NA,NA,NA,NA,NA,NA,NA,NA,NA
408,394,408,4.82296764649941,NA,NA,NA,NA,NA,NA,NA,NA,NA,NA,NA
409,362,409,1.41543494821748,NA,NA,NA,NA,NA,NA,NA,NA,NA,NA,NA
410,369,410,2.05205229015653,NA,NA,NA,NA,NA,NA,NA,NA,NA,NA,NA
411,399,411,3.43968900434613,NA,NA,NA,NA,NA,NA,NA,NA,NA,NA,NA
412,399,412,0.678607769568316,NA,NA,NA,NA,NA,NA,NA,NA,NA,NA,NA
413,400,413,2.71651775038062,NA,NA,NA,NA,NA,NA,NA,NA,NA,NA,NA
414,407,414,2.60739372079786,NA,NA,NA,NA,NA,NA,NA,NA,NA,NA,NA
415,407,415,2.06722087726092,NA,NA,NA,NA,NA,NA,NA,NA,NA,NA,NA
416,389,416,4.50713307642415,NA,NA,NA,NA,NA,NA,NA,NA,NA,NA,NA
417,389,417,2.61355496595722,NA,NA,NA,NA,NA,NA,NA,NA,NA,NA,NA
418,401,418,4.93101184193157,NA,NA,NA,NA,NA,NA,NA,NA,NA,NA,NA
419,401,419,4.09057973223262,NA,NA,NA,NA,NA,NA,NA,NA,NA,NA,NA
420,381,420,1.63265050684528,NA,NA,NA,NA,NA,NA,NA,NA,NA,NA,NA
421,381,421,1.58987871026624,NA,NA,NA,NA,NA,NA,NA,NA,NA,NA,NA
422,392,422,4.24123441811467,NA,NA,NA,NA,NA,NA,NA,NA,NA,NA,NA
423,392,423,2.73336969307947,NA,NA,NA,NA,NA,NA,NA,NA,NA,NA,NA
424,385,424,0.479566622934674,NA,NA,NA,NA,NA,NA,NA,NA,NA,NA,NA
425,386,425,3.40970742282304,NA,NA,NA,NA,NA,NA,NA,NA,NA,NA,NA
426,412,426,1.30970766969048,NA,NA,NA,NA,NA,NA,NA,NA,NA,NA,NA
427,348,427,0.982681396032311,NA,NA,NA,NA,NA,NA,NA,NA,NA,NA,NA
428,378,428,3.52249849462101,NA,NA,NA,NA,NA,NA,NA,NA,NA,NA,NA
429,378,429,2.23913828359628,NA,NA,NA,NA,NA,NA,NA,NA,NA,NA,NA
430,424,430,0.725697412569148,NA,NA,NA,NA,NA,NA,NA,NA,NA,NA,NA
431,409,431,2.61915781502865,NA,NA,NA,NA,NA,NA,NA,NA,NA,NA,NA
432,427,432,4.10512830144992,NA,NA,NA,NA,NA,NA,NA,NA,NA,NA,NA
433,427,433,3.99794397971795,NA,NA,NA,NA,NA,NA,NA,NA,NA,NA,NA
434,393,434,3.29039702774793,NA,NA,NA,NA,NA,NA,NA,NA,NA,NA,NA
435,393,435,1.05929991796046,NA,NA,NA,NA,NA,NA,NA,NA,NA,NA,NA
436,430,436,2.68189309434608,NA,NA,NA,NA,NA,NA,NA,NA,NA,NA,NA
437,373,437,3.13701570493574,NA,NA,NA,NA,NA,NA,NA,NA,NA,NA,NA
438,373,438,0.873098301181109,NA,NA,NA,NA,NA,NA,NA,NA,NA,NA,NA
439,405,439,3.46550803702811,NA,NA,NA,NA,NA,NA,NA,NA,NA,NA,NA
440,405,440,0.670462545252175,NA,NA,NA,NA,NA,NA,NA,NA,NA,NA,NA
441,426,441,2.81345072458015,NA,NA,NA,NA,NA,NA,NA,NA,NA,NA,NA
442,410,442,4.18324478750489,NA,NA,NA,NA,NA,NA,NA,NA,NA,NA,NA
443,421,443,0.458037601414183,NA,NA,NA,NA,NA,NA,NA,NA,NA,NA,NA
444,420,444,2.34061246493166,NA,NA,NA,NA,NA,NA,NA,NA,NA,NA,NA
445,420,445,1.27278391942103,NA,NA,NA,NA,NA,NA,NA,NA,NA,NA,NA
446,415,446,2.11373659169636,NA,NA,NA,NA,NA,NA,NA,NA,NA,NA,NA
447,415,447,0.621641162152458,NA,NA,NA,NA,NA,NA,NA,NA,NA,NA,NA
448,357,448,1.54127934762577,NA,NA,NA,NA,NA,NA,NA,NA,NA,NA,NA
449,396,449,1.29147987205065,NA,NA,NA,NA,NA,NA,NA,NA,NA,NA,NA
450,396,450,1.03357385327145,NA,NA,NA,NA,NA,NA,NA,NA,NA,NA,NA
451,440,451,1.06388252897525,NA,NA,NA,NA,NA,NA,NA,NA,NA,NA,NA
452,443,452,3.22161506484203,NA,NA,NA,NA,NA,NA,NA,NA,NA,NA,NA
453,443,453,2.82458727956927,NA,NA,NA,NA,NA,NA,NA,NA,NA,NA,NA
454,365,454,0.811564965595189,NA,NA,NA,NA,NA,NA,NA,NA,NA,NA,NA
455,438,455,2.97977238968367,NA,NA,NA,NA,NA,NA,NA,NA,NA,NA,NA
456,438,456,0.866498787698474,NA,NA,NA,NA,NA,NA,NA,NA,NA,NA,NA
457,417,457,1.97273331336533,NA,NA,NA,NA,NA,NA,NA,NA,NA,NA,NA
458,417,458,1.42761963716521,NA,NA,NA,NA,NA,NA,NA,NA,NA,NA,NA
459,435,459,1.03710242134973,NA,NA,NA,NA,NA,NA,NA,NA,NA,NA,NA
460,447,460,0.491788131728095,NA,NA,NA,NA,NA,NA,NA,NA,NA,NA,NA
461,413,461,2.51272818186178,NA,NA,NA,NA,NA,NA,NA,NA,NA,NA,NA
462,413,462,0.200384047016118,NA,NA,NA,NA,NA,NA,NA,NA,NA,NA,NA
463,338,463,1.07430004965591,NA,NA,NA,NA,NA,NA,NA,NA,NA,NA,NA
464,462,464,2.65420704719871,NA,NA,NA,NA,NA,NA,NA,NA,NA,NA,NA
465,462,465,1.77782880851233,NA,NA,NA,NA,NA,NA,NA,NA,NA,NA,NA
466,429,466,1.56539846975363,NA,NA,NA,NA,NA,NA,NA,NA,NA,NA,NA
467,460,467,2.54187818554117,NA,NA,NA,NA,NA,NA,NA,NA,NA,NA,NA
468,460,468,0.065784183109121,NA,NA,NA,NA,NA,NA,NA,NA,NA,NA,NA
469,423,469,2.06729924627016,NA,NA,NA,NA,NA,NA,NA,NA,NA,NA,NA
470,468,470,1.06876778035614,NA,NA,NA,NA,NA,NA,NA,NA,NA,NA,NA
471,411,471,1.56386017390558,NA,NA,NA,NA,NA,NA,NA,NA,NA,NA,NA
472,454,472,0.60901693337245,NA,NA,NA,NA,NA,NA,NA,NA,NA,NA,NA
473,445,473,2.03002959579568,NA,NA,NA,NA,NA,NA,NA,NA,NA,NA,NA
474,450,474,0.952130868760929,NA,NA,NA,NA,NA,NA,NA,NA,NA,NA,NA
475,451,475,1.13157281285182,NA,NA,NA,NA,NA,NA,NA,NA,NA,NA,NA
476,456,476,2.56072092975757,NA,NA,NA,NA,NA,NA,NA,NA,NA,NA,NA
477,456,477,1.70326572829397,NA,NA,NA,NA,NA,NA,NA,NA,NA,NA,NA
478,391,478,2.20124436808782,NA,NA,NA,NA,NA,NA,NA,NA,NA,NA,NA
479,449,479,1.80090324367373,NA,NA,NA,NA,NA,NA,NA,NA,NA,NA,NA
480,459,480,1.92027026226201,NA,NA,NA,NA,NA,NA,NA,NA,NA,NA,NA
481,459,481,0.39395645432474,NA,NA,NA,NA,NA,NA,NA,NA,NA,NA,NA
482,463,482,2.11245366721539,NA,NA,NA,NA,NA,NA,NA,NA,NA,NA,NA
483,463,483,0.459898882204596,NA,NA,NA,NA,NA,NA,NA,NA,NA,NA,NA
484,431,484,2.0267636944352,NA,NA,NA,NA,NA,NA,NA,NA,NA,NA,NA
485,448,485,1.3390415347672,NA,NA,NA,NA,NA,NA,NA,NA,NA,NA,NA
486,472,486,0.726786102746137,NA,NA,NA,NA,NA,NA,NA,NA,NA,NA,NA
487,425,487,1.4423290658634,NA,NA,NA,NA,NA,NA,NA,NA,NA,NA,NA
488,395,488,1.23804851582574,NA,NA,NA,NA,NA,NA,NA,NA,NA,NA,NA
489,395,489,0.288078216829214,NA,NA,NA,NA,NA,NA,NA,NA,NA,NA,NA
490,404,490,0.330649351141791,NA,NA,NA,NA,NA,NA,NA,NA,NA,NA,NA
491,446,491,1.13728248912184,NA,NA,NA,NA,NA,NA,NA,NA,NA,NA,NA
492,489,492,1.71963815713904,NA,NA,NA,NA,NA,NA,NA,NA,NA,NA,NA
493,489,493,1.62389261729834,NA,NA,NA,NA,NA,NA,NA,NA,NA,NA,NA
494,483,494,0.329892023649427,NA,NA,NA,NA,NA,NA,NA,NA,NA,NA,NA
495,470,495,1.18125029978398,NA,NA,NA,NA,NA,NA,NA,NA,NA,NA,NA
496,470,496,0.804252324534229,NA,NA,NA,NA,NA,NA,NA,NA,NA,NA,NA
497,419,497,1.32256699426439,NA,NA,NA,NA,NA,NA,NA,NA,NA,NA,NA
498,436,498,1.57839856025915,NA,NA,NA,NA,NA,NA,NA,NA,NA,NA,NA
499,436,499,0.641429748370356,NA,NA,NA,NA,NA,NA,NA,NA,NA,NA,NA
500,474,500,1.46038035021955,NA,NA,NA,NA,NA,NA,NA,NA,NA,NA,NA
501,474,501,1.3990228134363,NA,NA,NA,NA,NA,NA,NA,NA,NA,NA,NA
502,406,502,1.59259309072752,NA,NA,NA,NA,NA,NA,NA,NA,NA,NA,NA
503,406,503,1.09959136724118,NA,NA,NA,NA,NA,NA,NA,NA,NA,NA,NA
504,444,504,1.33473051988043,NA,NA,NA,NA,NA,NA,NA,NA,NA,NA,NA
505,444,505,0.862989281277389,NA,NA,NA,NA,NA,NA,NA,NA,NA,NA,NA
506,380,506,1.11346879256028,NA,NA,NA,NA,NA,NA,NA,NA,NA,NA,NA
507,490,507,0.929044044737473,NA,NA,NA,NA,NA,NA,NA,NA,NA,NA,NA
508,490,508,0.73355621755085,NA,NA,NA,NA,NA,NA,NA,NA,NA,NA,NA
509,428,509,1.3867994344278,NA,NA,NA,NA,NA,NA,NA,NA,NA,NA,NA
510,428,510,0.815212798923327,NA,NA,NA,NA,NA,NA,NA,NA,NA,NA,NA
511,416,511,1.50747053528624,NA,NA,NA,NA,NA,NA,NA,NA,NA,NA,NA
512,371,512,0.96066681595887,NA,NA,NA,NA,NA,NA,NA,NA,NA,NA,NA
513,371,513,0.676530498660995,NA,NA,NA,NA,NA,NA,NA,NA,NA,NA,NA
514,475,514,1.4572109704517,NA,NA,NA,NA,NA,NA,NA,NA,NA,NA,NA
515,475,515,1.09864602188888,NA,NA,NA,NA,NA,NA,NA,NA,NA,NA,NA
516,486,516,0.583635487903737,NA,NA,NA,NA,NA,NA,NA,NA,NA,NA,NA
517,494,517,0.92498264841903,NA,NA,NA,NA,NA,NA,NA,NA,NA,NA,NA
518,441,518,1.17699414311818,NA,NA,NA,NA,NA,NA,NA,NA,NA,NA,NA
519,441,519,0.533148793042673,NA,NA,NA,NA,NA,NA,NA,NA,NA,NA,NA
520,465,520,0.494487252975989,NA,NA,NA,NA,NA,NA,NA,NA,NA,NA,NA
521,422,521,0.99395808374069,NA,NA,NA,NA,NA,NA,NA,NA,NA,NA,NA
522,471,522,1.0276336924098,NA,NA,NA,NA,NA,NA,NA,NA,NA,NA,NA
523,437,523,0.900926483188036,NA,NA,NA,NA,NA,NA,NA,NA,NA,NA,NA
524,437,524,0.796335117351264,NA,NA,NA,NA,NA,NA,NA,NA,NA,NA,NA
525,403,525,1.02967671268527,NA,NA,NA,NA,NA,NA,NA,NA,NA,NA,NA
526,403,526,0.519658786174343,NA,NA,NA,NA,NA,NA,NA,NA,NA,NA,NA
527,499,527,0.670387664398361,NA,NA,NA,NA,NA,NA,NA,NA,NA,NA,NA
528,499,528,0.379114605481598,NA,NA,NA,NA,NA,NA,NA,NA,NA,NA,NA
529,496,529,0.264863816444932,NA,NA,NA,NA,NA,NA,NA,NA,NA,NA,NA
530,508,530,0.399492583273715,NA,NA,NA,NA,NA,NA,NA,NA,NA,NA,NA
531,398,531,0.936827075492158,NA,NA,NA,NA,NA,NA,NA,NA,NA,NA,NA
532,398,532,0.680733550504162,NA,NA,NA,NA,NA,NA,NA,NA,NA,NA,NA
533,520,533,0.423478036999595,NA,NA,NA,NA,NA,NA,NA,NA,NA,NA,NA
534,519,534,0.821821386364683,NA,NA,NA,NA,NA,NA,NA,NA,NA,NA,NA
535,477,535,0.613870435359983,NA,NA,NA,NA,NA,NA,NA,NA,NA,NA,NA
536,477,536,0.210716623198295,NA,NA,NA,NA,NA,NA,NA,NA,NA,NA,NA
537,418,537,0.408155118320196,NA,NA,NA,NA,NA,NA,NA,NA,NA,NA,NA
538,516,538,0.457900964613387,NA,NA,NA,NA,NA,NA,NA,NA,NA,NA,NA
539,516,539,0.165783623056499,NA,NA,NA,NA,NA,NA,NA,NA,NA,NA,NA
540,513,540,0.591365228947222,NA,NA,NA,NA,NA,NA,NA,NA,NA,NA,NA
541,439,541,0.647269552227177,NA,NA,NA,NA,NA,NA,NA,NA,NA,NA,NA
542,439,542,0.435184156388556,NA,NA,NA,NA,NA,NA,NA,NA,NA,NA,NA
543,461,543,0.745784261186836,NA,NA,NA,NA,NA,NA,NA,NA,NA,NA,NA
544,461,544,0.33879814519812,NA,NA,NA,NA,NA,NA,NA,NA,NA,NA,NA
545,488,545,0.759511843591197,NA,NA,NA,NA,NA,NA,NA,NA,NA,NA,NA
546,485,546,0.670674387276049,NA,NA,NA,NA,NA,NA,NA,NA,NA,NA,NA
547,485,547,0.665349580721545,NA,NA,NA,NA,NA,NA,NA,NA,NA,NA,NA
548,469,548,0.635371734728364,NA,NA,NA,NA,NA,NA,NA,NA,NA,NA,NA
549,469,549,0.601328049481003,NA,NA,NA,NA,NA,NA,NA,NA,NA,NA,NA
550,510,550,0.794160162495761,NA,NA,NA,NA,NA,NA,NA,NA,NA,NA,NA
551,510,551,0.617485303035104,NA,NA,NA,NA,NA,NA,NA,NA,NA,NA,NA
552,505,552,0.312917074234832,NA,NA,NA,NA,NA,NA,NA,NA,NA,NA,NA
553,453,553,0.618157591530939,NA,NA,NA,NA,NA,NA,NA,NA,NA,NA,NA
554,453,554,0.494579705866001,NA,NA,NA,NA,NA,NA,NA,NA,NA,NA,NA
555,491,555,0.37297629450825,NA,NA,NA,NA,NA,NA,NA,NA,NA,NA,NA
556,487,556,0.73042219532869,NA,NA,NA,NA,NA,NA,NA,NA,NA,NA,NA
557,487,557,0.138330776014764,NA,NA,NA,NA,NA,NA,NA,NA,NA,NA,NA
558,529,558,0.606380678670854,NA,NA,NA,NA,NA,NA,NA,NA,NA,NA,NA
559,529,559,0.567796968203776,NA,NA,NA,NA,NA,NA,NA,NA,NA,NA,NA
560,528,560,0.635428633463839,NA,NA,NA,NA,NA,NA,NA,NA,NA,NA,NA
561,528,561,0.603809258051806,NA,NA,NA,NA,NA,NA,NA,NA,NA,NA,NA
562,536,562,0.504557371086631,NA,NA,NA,NA,NA,NA,NA,NA,NA,NA,NA
563,536,563,0.376114255247228,NA,NA,NA,NA,NA,NA,NA,NA,NA,NA,NA
564,479,564,0.503376023425558,NA,NA,NA,NA,NA,NA,NA,NA,NA,NA,NA
565,495,565,0.252215128444654,NA,NA,NA,NA,NA,NA,NA,NA,NA,NA,NA
566,495,566,0.15007472998265,NA,NA,NA,NA,NA,NA,NA,NA,NA,NA,NA
567,512,567,0.566423031586338,NA,NA,NA,NA,NA,NA,NA,NA,NA,NA,NA
568,512,568,0.413812860135111,NA,NA,NA,NA,NA,NA,NA,NA,NA,NA,NA
569,557,569,0.401454031623637,NA,NA,NA,NA,NA,NA,NA,NA,NA,NA,NA
570,557,570,0.3197586268898,NA,NA,NA,NA,NA,NA,NA,NA,NA,NA,NA
571,526,571,0.304826949511017,NA,NA,NA,NA,NA,NA,NA,NA,NA,NA,NA
572,530,572,0.0671719204465454,NA,NA,NA,NA,NA,NA,NA,NA,NA,NA,NA
573,544,573,0.464623195168444,NA,NA,NA,NA,NA,NA,NA,NA,NA,NA,NA
574,544,574,0.208636946999273,NA,NA,NA,NA,NA,NA,NA,NA,NA,NA,NA
575,517,575,0.154605789833934,NA,NA,NA,NA,NA,NA,NA,NA,NA,NA,NA
576,552,576,0.355427617484126,NA,NA,NA,NA,NA,NA,NA,NA,NA,NA,NA
577,552,577,0.264084605594934,NA,NA,NA,NA,NA,NA,NA,NA,NA,NA,NA
578,533,578,0.293511100027119,NA,NA,NA,NA,NA,NA,NA,NA,NA,NA,NA
579,537,579,0.331543444263695,NA,NA,NA,NA,NA,NA,NA,NA,NA,NA,NA
580,455,580,0.177166158931169,NA,NA,NA,NA,NA,NA,NA,NA,NA,NA,NA
581,572,581,0.274552931094362,NA,NA,NA,NA,NA,NA,NA,NA,NA,NA,NA
582,566,582,0.416416413124297,NA,NA,NA,NA,NA,NA,NA,NA,NA,NA,NA
583,542,583,0.173605522906826,NA,NA,NA,NA,NA,NA,NA,NA,NA,NA,NA
584,432,584,0.0340328272542245,NA,NA,NA,NA,NA,NA,NA,NA,NA,NA,NA
585,538,585,0.396076515321807,NA,NA,NA,NA,NA,NA,NA,NA,NA,NA,NA
586,497,586,0.146333077834919,NA,NA,NA,NA,NA,NA,NA,NA,NA,NA,NA
587,524,587,0.414243149789109,NA,NA,NA,NA,NA,NA,NA,NA,NA,NA,NA
588,524,588,0.321531670259066,NA,NA,NA,NA,NA,NA,NA,NA,NA,NA,NA
589,521,589,0.354442410208256,NA,NA,NA,NA,NA,NA,NA,NA,NA,NA,NA
590,555,590,0.280522395268705,NA,NA,NA,NA,NA,NA,NA,NA,NA,NA,NA
591,584,591,0.420418861001182,NA,NA,NA,NA,NA,NA,NA,NA,NA,NA,NA
592,584,592,0.343467942436956,NA,NA,NA,NA,NA,NA,NA,NA,NA,NA,NA
593,575,593,0.304691416160209,NA,NA,NA,NA,NA,NA,NA,NA,NA,NA,NA
594,515,594,0.145127556180087,NA,NA,NA,NA,NA,NA,NA,NA,NA,NA,NA
595,504,595,0.321278962107547,NA,NA,NA,NA,NA,NA,NA,NA,NA,NA,NA
596,565,596,0.15186280518884,NA,NA,NA,NA,NA,NA,NA,NA,NA,NA,NA
597,563,597,0.238153423758421,NA,NA,NA,NA,NA,NA,NA,NA,NA,NA,NA
598,580,598,0.170264982686244,NA,NA,NA,NA,NA,NA,NA,NA,NA,NA,NA
599,540,599,0.278150256368213,NA,NA,NA,NA,NA,NA,NA,NA,NA,NA,NA
600,570,600,0.245561672333068,NA,NA,NA,NA,NA,NA,NA,NA,NA,NA,NA
601,586,601,0.194639728815555,NA,NA,NA,NA,NA,NA,NA,NA,NA,NA,NA
602,571,602,0.0735370813492894,NA,NA,NA,NA,NA,NA,NA,NA,NA,NA,NA
603,532,603,0.263123040249945,NA,NA,NA,NA,NA,NA,NA,NA,NA,NA,NA
604,532,604,0.182070257952762,NA,NA,NA,NA,NA,NA,NA,NA,NA,NA,NA
605,577,605,0.0922067171062709,NA,NA,NA,NA,NA,NA,NA,NA,NA,NA,NA
606,402,606,0.140021950469365,NA,NA,NA,NA,NA,NA,NA,NA,NA,NA,NA
607,402,607,0.104003114531161,NA,NA,NA,NA,NA,NA,NA,NA,NA,NA,NA
608,549,608,0.303269669940795,NA,NA,NA,NA,NA,NA,NA,NA,NA,NA,NA
609,549,609,0.271811384402136,NA,NA,NA,NA,NA,NA,NA,NA,NA,NA,NA
610,551,610,0.240818583955016,NA,NA,NA,NA,NA,NA,NA,NA,NA,NA,NA
611,551,611,0.224869797222047,NA,NA,NA,NA,NA,NA,NA,NA,NA,NA,NA
612,522,612,0.0504597089036886,NA,NA,NA,NA,NA,NA,NA,NA,NA,NA,NA
613,547,613,0.144636516672141,NA,NA,NA,NA,NA,NA,NA,NA,NA,NA,NA
614,562,614,0.0923759024130909,NA,NA,NA,NA,NA,NA,NA,NA,NA,NA,NA
615,568,615,0.148465621639958,NA,NA,NA,NA,NA,NA,NA,NA,NA,NA,NA
616,579,616,0.189293260011571,NA,NA,NA,NA,NA,NA,NA,NA,NA,NA,NA
617,579,617,0.141645309496796,NA,NA,NA,NA,NA,NA,NA,NA,NA,NA,NA
618,498,618,0.120417044665754,NA,NA,NA,NA,NA,NA,NA,NA,NA,NA,NA
619,498,619,0.106062596647949,NA,NA,NA,NA,NA,NA,NA,NA,NA,NA,NA
620,607,620,0.071374036691228,NA,NA,NA,NA,NA,NA,NA,NA,NA,NA,NA
621,598,621,0.0663039648532255,NA,NA,NA,NA,NA,NA,NA,NA,NA,NA,NA
622,482,622,0.119755126631266,NA,NA,NA,NA,NA,NA,NA,NA,NA,NA,NA
623,482,623,0.102755365475644,NA,NA,NA,NA,NA,NA,NA,NA,NA,NA,NA
624,543,624,0.13107726845579,NA,NA,NA,NA,NA,NA,NA,NA,NA,NA,NA
625,606,625,0.106477373741131,NA,NA,NA,NA,NA,NA,NA,NA,NA,NA,NA
626,558,626,0.0257735835965727,NA,NA,NA,NA,NA,NA,NA,NA,NA,NA,NA
627,561,627,0.0336915465370115,NA,NA,NA,NA,NA,NA,NA,NA,NA,NA,NA
628,614,628,0.0748529142761179,NA,NA,NA,NA,NA,NA,NA,NA,NA,NA,NA
629,588,629,0.069737150129363,NA,NA,NA,NA,NA,NA,NA,NA,NA,NA,NA
630,621,630,0.146556429633015,NA,NA,NA,NA,NA,NA,NA,NA,NA,NA,NA
631,621,631,0.0282596656511664,NA,NA,NA,NA,NA,NA,NA,NA,NA,NA,NA
632,560,632,0.0441326605098792,NA,NA,NA,NA,NA,NA,NA,NA,NA,NA,NA
633,593,633,0.096491048075737,NA,NA,NA,NA,NA,NA,NA,NA,NA,NA,NA
634,627,634,0.0594768552426879,NA,NA,NA,NA,NA,NA,NA,NA,NA,NA,NA
635,525,635,0.121248984385412,NA,NA,NA,NA,NA,NA,NA,NA,NA,NA,NA
636,592,636,0.0417104484086266,NA,NA,NA,NA,NA,NA,NA,NA,NA,NA,NA
637,613,637,0.0389461680897507,NA,NA,NA,NA,NA,NA,NA,NA,NA,NA,NA
638,615,638,0.0747114314263515,NA,NA,NA,NA,NA,NA,NA,NA,NA,NA,NA
639,567,639,0.0304308013932093,NA,NA,NA,NA,NA,NA,NA,NA,NA,NA,NA
640,514,640,0.0388120690777679,NA,NA,NA,NA,NA,NA,NA,NA,NA,NA,NA
641,617,641,0.0968143927065596,NA,NA,NA,NA,NA,NA,NA,NA,NA,NA,NA
642,617,642,0.0661867190436073,NA,NA,NA,NA,NA,NA,NA,NA,NA,NA,NA
643,599,643,0.0658025958500861,NA,NA,NA,NA,NA,NA,NA,NA,NA,NA,NA
644,599,644,0.0395855956520539,NA,NA,NA,NA,NA,NA,NA,NA,NA,NA,NA
645,625,645,0.0332914459112365,NA,NA,NA,NA,NA,NA,NA,NA,NA,NA,NA
646,639,646,0.0681770124481879,NA,NA,NA,NA,NA,NA,NA,NA,NA,NA,NA
647,639,647,0.0259515402735459,NA,NA,NA,NA,NA,NA,NA,NA,NA,NA,NA
